,Model,Scorer,Threshold,Precision,Recall,FNR,F2 Score,ROC-AUC,FN,FP,Cost,Profit,Business Cost Std
0,RandomForestClassifier,business,0.500000,0.106039,0.889769,0.110231,0.359039,0.712041,821,55869,-64079,-82700,0.728471
1,LGBMClassifier,business,0.480000,0.134097,0.798872,0.201128,0.401143,0.742873,1498,38421,-53401,64700,0.700924
2,XGBClassifier,business,0.500000,0.134037,0.791622,0.208378,0.399566,0.742894,1552,38092,-53612,65830,0.696512
3,LGBMClassifier,business,0.500000,0.138700,0.776316,0.223684,0.404454,0.742873,1666,35905,-52565,83140,0.693363
4,DummyClassifier,roc_auc,0.500000,0.081344,0.134533,0.865467,0.118974,0.500549,6446,11316,-75776,137830,0.005508
5,LGBMClassifier,roc_auc,0.500000,0.465361,0.041488,0.958512,0.050729,0.766065,7139,355,-71745,219720,0.000000
6,XGBClassifier,roc_auc,0.500000,0.386258,0.077739,0.922261,0.092519,0.747054,6869,920,-69610,224870,0.000000
7,RandomForestClassifier,roc_auc,0.500000,0.476190,0.006713,0.993287,0.008362,0.744514,7398,55,-74035,212360,0.000000
